{"precision": 0.877698905148517, "recall": 0.7757082129629613, "f1_score": 0.8176921917214793, "accuracy": 0.8621454993834772}